NGC,NGCerr,logMGC,logMGCerr,logMhalo,logMs,T,dMpc,MVT,Name

    150.,    40.,    7.570,     0.103,    12.245,    10.648,    2,   13.18,  -20.18,  NGC7814        
     36.,    15.,    6.870,     0.151,    11.292,     9.350,    5,    2.09,  -18.77,  NGC55          
     10.,     2.,    6.160,     0.079,    10.614,     8.228,   -5,    0.76,  -15.46,  NGC147         
      8.,     1.,    6.070,     0.051,    10.632,     8.259,   -5,    0.63,  -15.40,  NGC185         
     11.,     3.,    6.260,     0.105,    10.964,     8.811,   -5,    0.80,  -16.66,  NGC205         
     60.,    30.,    7.090,     0.176,    11.312,     9.382,    5,    3.72,  -18.80,  NGC247         
     90.,    40.,    7.390,     0.160,    12.365,    10.745,    5,    3.54,  -21.01,  NGC253         
     70.,    30.,    7.140,     0.155,    11.241,     9.267,    6,    1.98,  -18.40,  NGC300         
     85.,    24.,    7.260,     0.108,    11.474,     9.641,    5,   20.60,  -19.14,  NGC406         
    609.,    94.,    8.220,     0.062,    12.352,    10.736,   -2,   29.51,  -20.97,  NGC474         
   3300.,  1000.,    9.010,     0.115,    13.136,    11.158,    0,   23.13,  -21.85,  NGC524         
   1620.,   450.,    8.730,     0.106,    12.827,    11.015,   -2,   73.10,  -22.39,  NGC541         
    500.,   200.,    8.150,     0.146,    12.594,    10.893,   -5,   20.14,  -21.18,  NGC584         
     50.,    20.,    7.030,     0.146,    11.329,     9.409,    6,    0.82,  -19.00,  NGC598         
   4700.,  1000.,    9.180,     0.084,    13.308,    11.234,   -4,   47.07,  -22.13,  NGC708         
   1490.,   100.,    8.320,     0.028,    13.345,    11.250,   -5,   27.67,  -22.08,  NGC720         
      5.,     2.,    6.000,     0.146,    10.786,     8.515,    7,    5.45,  -16.87,  NGC784         
    320.,    45.,    7.970,     0.057,    12.575,    10.881,   -5,   23.38,  -21.53,  NGC821         
     70.,    20.,    7.310,     0.109,    12.486,    10.828,    3,    8.36,  -21.40,  NGC891         
   4245.,  1100.,    9.140,     0.100,    13.493,    11.314,   -5,   71.40,  -22.29,  NGC910         
    550.,    60.,    8.140,     0.045,    12.543,    10.863,   -2,   11.43,  -21.14,  NGC1023        
    400.,    45.,    8.040,     0.046,    12.533,    10.857,   -5,   19.35,  -21.05,  NGC1052        
    210.,    40.,    7.780,     0.076,    12.634,    10.915,    3,   19.00,  -21.30,  NGC1055        
   3613.,   295.,    9.100,     0.034,    13.997,    11.533,   -5,   96.09,  -22.76,  NGC1132        
    365.,    25.,    7.940,     0.029,    11.875,    10.233,   -5,   21.48,  -20.01,  NGC1172        
    230.,    80.,    7.790,     0.130,    12.407,    10.775,   -3,   20.23,  -20.86,  NGC1201        
      7.,     4.,    6.210,     0.196,    11.366,     9.469,    6,    4.16,  -19.75,  NGC1313        
      4.,     2.,    5.880,     0.176,    10.566,     8.149,    9,    5.45,  -15.76,  NGC1311        
   1000.,   500.,    8.570,     0.176,    14.203,    11.632,   -2,   21.09,  -23.16,  NGC1316        
     29.,     9.,    6.610,     0.117,    11.436,     9.581,   -3,   19.23,  -18.31,  IC1919         
   1000.,   500.,    8.470,     0.176,    13.040,    11.115,   -2,   22.91,  -21.62,  NGC1332        
    276.,   100.,    7.780,     0.134,    11.641,     9.898,   -5,   18.74,  -19.14,  NGC1336        
     37.,    15.,    6.870,     0.148,    11.449,     9.601,   -2,   19.18,  -18.43,  ESO-358-G06    
    231.,    80.,    7.740,     0.129,    11.999,    10.390,   -5,   20.38,  -20.01,  NGC1339        
    464.,    44.,    7.900,     0.039,    12.483,    10.826,   -5,   20.03,  -21.18,  NGC1344        
     16.,     8.,    6.470,     0.176,    11.186,     9.176,    5,   19.90,  -17.87,  NGC1345        
    274.,    90.,    7.870,     0.123,    12.435,    10.795,   -5,   31.57,  -20.96,  NGC1351        
     21.,     7.,    6.590,     0.125,    11.297,     9.358,   -2,   19.73,  -17.88,  FCC-95         
      7.,     3.,    6.070,     0.155,    10.711,     8.391,    9,    6.40,  -16.81,  IC1959         
     25.,     8.,    6.670,     0.121,    11.249,     9.280,   -5,   19.68,  -17.87,  FCC-136        
    360.,    19.,    7.960,     0.022,    12.153,    10.561,   -5,   19.64,  -20.43,  NGC1374        
     86.,    30.,    7.270,     0.130,    11.660,     9.926,   -2,   20.02,  -19.16,  NGC1375        
     60.,    20.,    7.130,     0.125,    11.865,    10.220,   -2,   20.78,  -19.55,  ESO-358-G26    
     16.,     5.,    6.510,     0.118,    11.392,     9.510,    0,   18.00,  -18.49,  ESO-358-G25    
    225.,    23.,    7.770,     0.042,    12.171,    10.579,   -5,   20.04,  -20.64,  NGC1379        
    424.,   100.,    8.100,     0.092,    12.850,    11.026,    0,   18.86,  -21.51,  NGC1380        
     71.,    25.,    7.230,     0.131,    12.003,    10.396,   -2,   18.78,  -19.91,  NGC1381        
     70.,    25.,    7.160,     0.133,    11.607,     9.847,   -2,   16.89,  -18.78,  NGC1380A       
     59.,    20.,    7.030,     0.127,    11.259,     9.296,   -2,   19.57,  -17.57,  FCC-182        
    390.,    27.,    8.020,     0.029,    12.505,    10.840,   -3,   19.82,  -20.84,  NGC1387        
    156.,    50.,    7.510,     0.121,    11.658,     9.924,   -2,   22.02,  -18.85,  NGC1380B       
     48.,    16.,    7.070,     0.125,    12.028,    10.425,   -2,   20.87,  -20.13,  NGC1389        
     30.,    10.,    6.700,     0.125,    10.983,     8.842,   -5,   20.69,  -16.93,  ESO-358-G42    
   6000.,   700.,    9.280,     0.048,    13.462,    11.301,   -5,   20.68,  -22.03,  NGC1399        
    770.,   140.,    8.360,     0.073,    13.029,    11.110,   -5,   20.43,  -21.59,  NGC1404        
   2960.,   958.,    8.930,     0.122,    12.691,    10.946,   -2,   26.42,  -21.36,  NGC1400        
   7000.,  2000.,    9.400,     0.109,    13.984,    11.527,   -2,   28.84,  -22.86,  NGC1407        
    155.,    50.,    7.520,     0.121,    11.644,     9.903,   -5,   20.15,  -18.97,  NGC1419        
     80.,    25.,    7.210,     0.118,    11.528,     9.726,   -2,   19.97,  -18.59,  ESO-358-G50    
    500.,    60.,    8.120,     0.049,    12.250,    10.652,   -5,   20.52,  -20.74,  NGC1427        
    240.,    20.,    7.790,     0.035,    12.152,    10.561,   -5,   24.10,  -20.58,  NGC1426        
    260.,    30.,    7.840,     0.047,    12.245,    10.649,   -5,   26.67,  -20.84,  NGC1439        
     21.,     7.,    6.620,     0.125,    11.509,     9.696,   -5,   20.89,  -18.49,  ESO-358-G59    
     14.,     5.,    6.430,     0.133,    11.328,     9.407,   -5,   19.43,  -18.18,  ESO-359-G02    
      5.,     4.,    5.990,     0.255,    11.214,     9.223,    4,   15.70,  -18.32,  NGC1483        
    132.,    40.,    7.520,     0.115,    12.080,    10.484,   -5,   20.24,  -20.27,  IC2006         
     55.,    10.,    7.100,     0.073,    11.816,    10.152,   -3,   20.80,  -19.71,  IC2035         
    250.,    30.,    7.830,     0.049,    12.512,    10.844,   -3,   21.38,  -20.98,  NGC1533        
    140.,    60.,    7.630,     0.155,    12.991,    11.093,   -5,   19.68,  -21.72,  NGC1549        
    540.,   160.,    8.230,     0.113,    13.250,    11.209,   -2,   18.54,  -21.98,  NGC1553        
      4.,     4.,    5.930,     0.301,    11.608,     9.848,   -3,   22.80,  -18.96,  NGC1581        
   2850.,   500.,    9.040,     0.070,    14.382,    11.731,   -5,   66.00,  -23.33,  NGC1600        
   1320.,   270.,    8.630,     0.081,    13.435,    11.289,   -5,   44.26,  -22.14,  NGC1700        
  11577.,  1046.,    9.670,     0.038,    14.595,    11.881,   -4,  154.26,  -23.70,  ESO-306-017    
     27.,    17.,    6.780,     0.212,    11.575,     9.798,    3,   17.80,  -19.38,  NGC2082        
   2120.,   780.,    8.850,     0.136,    13.609,    11.363,   -3,   84.00,  -22.41,  NGC2329        
    143.,    40.,    7.610,     0.107,    12.344,    10.729,   -5,   21.58,  -21.23,  NGC2434        
   2690.,   740.,    8.960,     0.106,    13.915,    11.496,   -5,  117.90,  -22.46,  UGC-4289       
    120.,    40.,    7.450,     0.125,    12.068,    10.471,    3,    7.73,  -19.80,  NGC2683        
  16400.,  4800.,    9.850,     0.111,    14.748,    12.037,   -5,  239.30,  -24.19,  A754-1         
    740.,    68.,    8.360,     0.038,    13.199,    11.187,   -5,   22.39,  -22.03,  NGC2768        
     50.,    30.,    7.050,     0.204,    11.847,    10.195,   -5,   22.91,  -19.45,  NGC2778        
   4400.,  1000.,    9.220,     0.089,    14.485,    11.797,   -5,  102.80,  -23.25,  NGC2832        
    712.,   108.,    8.320,     0.061,    12.661,    10.930,   -5,   37.84,  -21.50,  NGC2865        
     58.,    12.,    7.130,     0.082,    11.823,    10.162,    7,   32.00,  -19.70,  ESO-498-005    
     35.,    20.,    6.960,     0.196,    12.243,    10.646,   -2,   33.30,  -20.62,  NGC2902        
     23.,    10.,    6.690,     0.157,    11.647,     9.907,   -3,   12.19,  -19.06,  NGC3056        
    300.,   100.,    7.920,     0.125,    12.442,    10.800,    2,    3.55,  -21.08,  NGC3031        
    130.,    20.,    7.450,     0.062,    11.658,     9.924,   -3,   33.73,  -19.27,  NGC3073        
    550.,    80.,    8.190,     0.059,    12.568,    10.878,   -2,   10.00,  -21.19,  NGC3115        
     60.,    20.,    7.040,     0.125,    11.283,     9.334,   -5,   10.10,  -17.64,  NGC3115DW1     
    115.,    15.,    7.420,     0.053,    11.769,    10.086,   -2,   22.39,  -19.56,  NGC3156        
   2160.,   780.,    8.850,     0.134,    14.079,    11.571,   -5,  144.40,  -22.30,  CGCG065-015    
    470.,   200.,    8.080,     0.154,    12.190,    10.598,   -5,   23.55,  -20.53,  NGC3226        
   1330.,   440.,    8.610,     0.124,    13.535,    11.332,   -5,  143.90,  -21.85,  IC613          
   6000.,   150.,    9.240,     0.011,    12.681,    10.940,   -5,   32.06,  -21.33,  NGC3258        
   4750.,   150.,    9.150,     0.014,    12.936,    11.067,   -5,   34.83,  -21.60,  NGC3268        
  16500.,  2000.,    9.710,     0.050,    13.270,    11.218,   -5,   44.26,  -21.84,  NGC3311        
   3100.,  1000.,    9.000,     0.121,    13.474,    11.306,   -5,   41.50,  -22.19,  NGC3348        
    191.,    15.,    7.660,     0.033,    11.951,    10.331,   -5,   11.04,  -19.95,  NGC3377        
    216.,    42.,    7.770,     0.077,    12.418,    10.783,   -5,   10.20,  -20.90,  NGC3379        
    120.,    30.,    7.490,     0.097,    12.189,    10.597,   -2,   10.80,  -20.49,  NGC3384        
    400.,   200.,    8.050,     0.176,    12.507,    10.841,   -2,   25.23,  -21.10,  NGC3414        
    100.,    50.,    7.390,     0.176,    12.035,    10.433,   -2,   12.08,  -20.18,  NGC3489        
   4880.,  1400.,    9.190,     0.110,    14.367,    11.722,   -5,  141.60,  -22.10,  UGC-6203       
   1075.,   740.,    8.610,     0.227,    14.309,    11.689,   -5,   45.71,  -23.25,  NGC3557        
   6600.,  1650.,    9.370,     0.097,    14.254,    11.659,   -2,  152.70,  -22.80,  NGC3550        
    290.,    80.,    7.870,     0.106,    12.163,    10.571,    5,   12.42,  -20.50,  NGC3556        
    300.,   100.,    7.960,     0.125,    13.130,    11.156,   -5,   21.20,  -21.81,  NGC3585        
     29.,    10.,    6.820,     0.129,    11.814,    10.149,   -2,   20.32,  -19.66,  NGC3599        
    600.,   200.,    8.250,     0.125,    12.865,    11.033,   -2,   20.00,  -21.50,  NGC3607        
    450.,   200.,    8.100,     0.160,    12.396,    10.768,   -5,   23.00,  -21.11,  NGC3608        
    400.,   150.,    8.100,     0.138,    13.109,    11.146,   -5,   35.10,  -22.02,  NGC3610        
    450.,   145.,    8.100,     0.121,    12.869,    11.035,    3,   13.10,  -21.20,  NGC3628        
   3470.,   910.,    9.080,     0.101,    14.268,    11.666,   -5,  146.60,  -22.68,  IC712          
    590.,    40.,    8.220,     0.028,    12.511,    10.844,   -5,   36.31,  -21.21,  NGC3818        
  12000.,  3000.,    9.650,     0.097,    14.159,    11.610,   -5,   94.90,  -23.14,  NGC3842        
     13.,     5.,    6.380,     0.141,    11.124,     9.076,   -2,   13.60,  -17.68,  NGC3870        
   2800.,   300.,    8.960,     0.044,    13.552,    11.339,   -5,   22.91,  -22.28,  NGC3923        
    190.,    40.,    7.660,     0.083,    12.289,    10.686,    3,   17.74,  -20.07,  NGC4013        
    160.,    15.,    7.590,     0.039,    11.989,    10.379,   -5,   21.09,  -20.08,  NGC4033        
   8300.,   500.,    9.500,     0.025,    14.484,    11.797,   -4,   89.00,  -23.29,  NGC4073        
     21.,     6.,    6.540,     0.119,    10.959,     8.802,   -1,   19.24,  -16.83,  IC3025         
      7.,     4.,    6.180,     0.196,    11.639,     9.895,   -2,   13.74,  -19.11,  NGC4150        
      2.,     4.,    5.550,     0.464,    10.902,     8.708,   -5,   15.04,  -16.39,  IC3032         
      2.,     2.,    5.420,     0.301,    10.080,     7.335,   10,    2.91,  -14.21,  NGC4163        
    175.,   100.,    7.630,     0.196,    12.229,    10.634,   -3,   15.14,  -20.08,  NGC4203        
    620.,   310.,    8.280,     0.176,    13.068,    11.128,    3,   16.00,  -21.81,  NGC4216        
     16.,     6.,    6.430,     0.138,    10.929,     8.753,   -5,   18.22,  -17.12,  VCC-200        
     29.,     7.,    6.650,     0.091,    10.818,     8.569,   -5,   17.82,  -16.21,  IC3101         
      8.,     3.,    6.160,     0.138,    11.506,     9.692,   -5,   27.70,  -17.60,  IC3131         
   1242.,   250.,    8.600,     0.080,    13.525,    11.327,   -5,   31.62,  -22.14,  NGC4261        
    100.,    31.,    7.350,     0.117,    11.899,    10.265,   -2,   15.42,  -19.51,  NGC4262        
     16.,     7.,    6.540,     0.158,    10.868,     8.651,   -5,   11.60,  -16.17,  UGC-7369       
    179.,    17.,    7.650,     0.039,    12.085,    10.490,   -2,   15.82,  -20.22,  NGC4267        
   1380.,   110.,    8.480,     0.033,    12.412,    10.779,   -5,   16.07,  -20.97,  NGC4278        
    950.,   170.,    8.400,     0.071,    12.298,    10.693,   -5,   26.18,  -20.74,  NGC4291        
     42.,     8.,    6.890,     0.075,    11.166,     9.144,   -2,   17.17,  -17.82,  VCC-437        
      1.,     4.,    4.980,     0.835,    10.866,     8.649,   -5,   22.95,  -16.24,  NGC4309A       
     18.,     6.,    6.510,     0.115,    11.138,     9.099,   -2,   15.72,  -17.41,  VCC-543        
     11.,     6.,    6.280,     0.180,    11.065,     8.978,    0,   23.79,  -17.32,  VCC-571        
     18.,     6.,    6.560,     0.127,    11.578,     9.803,   -5,   22.08,  -18.50,  NGC4318        
    196.,    60.,    7.680,     0.116,    12.080,    10.484,   -2,   15.50,  -20.05,  NGC4350        
    114.,    12.,    7.380,     0.043,    11.611,     9.853,   -2,   18.64,  -18.86,  NGC4352        
   3246.,   598.,    9.030,     0.073,    13.603,    11.361,   -5,   23.33,  -22.35,  NGC4365        
      9.,     4.,    6.190,     0.167,    11.027,     8.915,    0,   15.79,  -16.97,  IC3292         
    200.,    41.,    7.710,     0.081,    12.202,    10.609,   -2,   16.98,  -20.46,  NGC4371        
   4301.,  1201.,    9.150,     0.107,    13.516,    11.324,   -5,   18.51,  -22.36,  NGC4374        
     74.,    32.,    7.220,     0.156,    11.840,    10.185,   -2,   17.67,  -19.48,  NGC4377        
     50.,    14.,    7.040,     0.107,    11.792,    10.119,   -2,   15.88,  -19.36,  NGC4379        
   1110.,   181.,    8.560,     0.066,    13.388,    11.269,   -2,   17.88,  -22.25,  NGC4382        
     70.,    10.,    7.180,     0.057,    11.764,    10.079,   -5,   18.00,  -19.27,  NGC4387        
     43.,     8.,    6.890,     0.073,    11.192,     9.187,   -5,   16.85,  -17.57,  IC3328         
   2800.,   200.,    8.970,     0.030,    13.470,    11.304,   -5,   17.09,  -22.36,  NGC4406        
     61.,    10.,    7.020,     0.062,    11.101,     9.038,   -5,   18.70,  -16.96,  VCC-940        
     72.,    10.,    7.240,     0.056,    11.980,    10.368,   -2,   16.03,  -20.00,  NGC4417        
     15.,     5.,    6.390,     0.128,    10.826,     8.581,   -5,   16.90,  -16.37,  VCC-965        
     11.,     5.,    6.330,     0.163,    11.405,     9.532,   -2,   15.80,  -18.20,  NGC4431        
    141.,    34.,    7.510,     0.094,    11.885,    10.246,   -5,   22.48,  -19.68,  NGC4434        
    345.,    80.,    7.940,     0.091,    12.372,    10.750,   -2,   16.65,  -20.40,  NGC4435        
      8.,     4.,    6.140,     0.186,    11.091,     9.020,    0,   16.02,  -16.69,  VCC-1049       
    178.,    30.,    7.660,     0.068,    12.288,    10.685,   -2,   15.31,  -20.56,  NGC4442        
     20.,     7.,    6.550,     0.129,    11.300,     9.363,   -5,   16.00,  -17.54,  VCC-1073       
     12.,     5.,    6.380,     0.151,    11.364,     9.465,   10,    4.13,  -18.56,  NGC4449        
     16.,     5.,    6.440,     0.119,    10.792,     8.526,   -5,   16.18,  -16.78,  IC3383         
     66.,    10.,    7.090,     0.058,    11.247,     9.276,   -5,   16.67,  -17.79,  IC3381         
     52.,     8.,    7.050,     0.065,    11.698,     9.983,   -2,   15.85,  -19.12,  NGC4452        
     72.,    12.,    7.190,     0.067,    11.680,     9.956,   -5,   16.32,  -19.07,  NGC4458        
    218.,    28.,    7.760,     0.052,    12.410,    10.778,   -2,   16.01,  -20.81,  NGC4459        
     25.,     9.,    6.710,     0.135,    11.576,     9.800,    3,   15.80,  -18.56,  NGC4464        
     14.,     6.,    6.370,     0.148,    10.711,     8.391,   -5,   16.90,  -16.77,  VCC-1185       
     -6.,    13.,    7.190,       NaN,    11.367,     9.470,   -5,   16.43,  -17.32,  NGC4467        
     -9.,    14.,    6.370,       NaN,    10.914,     8.728,   -5,   16.26,  -15.47,  VCC-1199       
   7000.,   800.,    9.390,     0.047,    14.044,    11.554,   -5,   17.03,  -22.82,  NGC4472        
    376.,    97.,    8.000,     0.100,    12.378,    10.755,   -5,   15.25,  -20.81,  NGC4473        
    116.,    24.,    7.420,     0.082,    11.822,    10.161,   -2,   15.46,  -19.59,  NGC4474        
     20.,     7.,    6.640,     0.135,    11.659,     9.925,   -2,   17.68,  -19.14,  NGC4476        
     26.,    11.,    6.630,     0.153,    11.063,     8.974,   -5,   16.00,  -16.67,  VCC-1254       
     58.,    11.,    7.130,     0.075,    11.964,    10.348,   -5,   17.05,  -19.79,  NGC4478        
     59.,     9.,    7.090,     0.064,    11.599,     9.835,   -2,   17.40,  -18.86,  NGC4479        
      4.,    11.,    5.870,     0.574,    11.466,     9.629,   -5,   16.26,  -17.77,  NGC4486B       
     72.,    18.,    7.180,     0.097,    11.683,     9.961,    0,   16.75,  -18.96,  NGC4483        
      8.,     5.,    6.130,     0.210,    10.797,     8.534,   -5,   16.00,  -16.59,  VCC-1308       
  13000.,   800.,    9.650,     0.026,    13.750,    11.424,   -5,   17.00,  -22.61,  NGC4486        
     31.,     9.,    6.820,     0.111,    11.633,     9.887,   -5,   15.38,  -19.03,  NGC4489        
     11.,     6.,    6.290,     0.181,    10.467,     7.982,   -5,   16.94,  -17.51,  IC3442         
    392.,    49.,    8.050,     0.051,    12.600,    10.896,   -5,   17.06,  -21.40,  NGC4494        
     50.,     9.,    6.910,     0.069,    10.910,     8.722,   -5,   16.76,  -16.72,  IC3461         
     25.,     6.,    6.670,     0.094,    11.309,     9.377,   -5,   15.40,  -17.97,  IC3468         
     61.,     9.,    7.030,     0.062,    11.198,     9.197,   -5,   16.11,  -17.39,  IC3470         
     27.,     7.,    6.650,     0.099,    11.078,     8.999,   -5,   16.07,  -16.86,  IC798          
    270.,    60.,    7.790,     0.087,    11.741,    10.046,    5,    9.26,  -19.52,  NGC4517        
     81.,    10.,    7.220,     0.051,    11.533,     9.733,   -2,   16.68,  -18.79,  NGC4515        
      7.,     4.,    6.080,     0.197,    10.919,     8.737,   -3,   16.24,  -16.78,  IC3487         
     19.,     7.,    6.490,     0.129,    10.725,     8.413,   -5,   16.00,  -16.53,  IC3492         
     41.,     8.,    6.850,     0.074,    11.182,     9.171,   -3,   16.31,  -17.16,  IC3501         
    388.,   117.,    8.060,     0.114,    13.008,    11.101,   -2,   16.90,  -21.51,  NGC4526        
     31.,     7.,    6.830,     0.090,    11.734,    10.035,   -2,   15.79,  -19.08,  NGC4528        
     54.,     9.,    6.960,     0.065,    10.985,     8.846,   -5,   16.82,  -16.91,  IC3509         
     26.,    10.,    6.650,     0.141,    11.131,     9.087,   -2,   15.35,  -17.10,  IC3540         
     84.,    19.,    7.270,     0.089,    11.793,    10.120,   -2,   15.44,  -19.39,  NGC4550        
      4.,     4.,    5.760,     0.307,    11.074,     8.993,   -5,   15.63,  -16.46,  VCC-1627       
     47.,    11.,    7.010,     0.091,    11.777,    10.098,   -5,   16.18,  -19.15,  NGC4551        
   1100.,   200.,    8.440,     0.073,    12.691,    10.945,   -5,   15.89,  -20.39,  NGC4552        
    204.,    60.,    7.790,     0.112,    13.449,    11.295,    3,   17.46,  -21.68,  NGC4565        
    213.,    31.,    7.710,     0.059,    12.055,    10.456,   -5,   15.87,  -20.00,  NGC4564        
    139.,    23.,    7.540,     0.067,    12.217,    10.623,   -2,   17.12,  -20.34,  NGC4570        
     14.,     6.,    6.410,     0.145,    10.965,     8.813,    0,   16.54,  -17.49,  IC3586         
   1052.,   162.,    8.460,     0.062,    12.459,    10.810,   -5,   21.98,  -21.07,  NGC4589        
     62.,    13.,    7.150,     0.083,    11.917,    10.288,   -2,   16.35,  -19.62,  NGC4578        
     10.,     6.,    6.190,     0.218,    10.836,     8.599,   -5,   17.65,  -16.33,  IC3602         
      2.,     4.,    5.550,     0.441,    10.549,     8.120,    0,   14.73,  -16.90,  IC3612         
      8.,     7.,    6.640,     0.273,    11.414,     9.545,    7,    5.47,  -18.41,  NGC4605        
   1900.,   200.,    8.780,     0.043,    13.360,    11.257,    1,    9.77,  -22.12,  NGC4594        
      4.,     4.,    5.840,     0.271,    10.630,     8.255,   -5,   16.24,  -16.03,  IC3633         
     20.,     6.,    6.530,     0.109,    10.836,     8.598,    5,   16.86,  -16.78,  IC3635         
     18.,     6.,    6.490,     0.115,    11.163,     9.138,   -5,   16.24,  -17.13,  VCC-1833       
   2700.,   780.,    8.870,     0.110,    12.457,    10.809,   -2,   71.70,  -21.00,  IC3651         
     38.,     7.,    6.830,     0.078,    11.229,     9.248,   -5,   16.10,  -17.60,  IC3652         
     10.,     5.,    6.260,     0.170,    11.330,     9.412,   -5,   15.49,  -17.31,  IC3653         
      6.,     4.,    6.010,     0.226,    10.901,     8.707,   -5,   15.86,  -16.60,  VCC-1895       
    803.,   355.,    8.360,     0.159,    12.670,    10.935,   -5,   14.85,  -21.34,  NGC4621        
     49.,     8.,    6.940,     0.069,    11.347,     9.438,   -5,   16.05,  -17.39,  IC809          
     71.,    14.,    7.230,     0.078,    11.680,     9.957,   -2,   17.31,  -19.94,  NGC4623        
     60.,     9.,    7.160,     0.062,    12.029,    10.427,   -2,   17.40,  -20.10,  NGC4638        
   4200.,   120.,    9.090,     0.012,    12.777,    10.990,   -5,   14.66,  -21.43,  NGC4636        
   4000.,   500.,    9.130,     0.051,    13.716,    11.409,   -5,   17.09,  -22.41,  NGC4649        
     -2.,     2.,    5.590,       NaN,    10.800,     8.539,   -5,   16.54,  -16.30,  VCC-1993       
    205.,    28.,    7.680,     0.056,    11.958,    10.341,   -5,   14.97,  -19.74,  NGC4660        
     24.,     6.,    6.630,     0.099,    11.170,     9.151,   -5,   17.09,  -17.36,  IC3735         
    750.,   290.,    8.330,     0.142,    13.469,    11.304,   -5,  101.90,  -21.28,  NGC4673        
     17.,     5.,    6.510,     0.119,    11.184,     9.173,   -5,   14.38,  -17.85,  IC3773         
      9.,     4.,    6.170,     0.167,    10.779,     8.503,   -5,   15.80,  -16.36,  IC3779         
    229.,    70.,    7.810,     0.116,    12.554,    10.870,   -5,   12.01,  -21.27,  NGC4697        
    110.,    12.,    7.450,     0.045,    12.276,    10.675,   -2,   16.05,  -20.53,  NGC4754        
    240.,    25.,    7.860,     0.043,    12.914,    11.057,   -2,   23.88,  -21.70,  NGC4762        
   6100.,  1400.,    9.300,     0.090,    13.653,    11.382,   -3,  102.70,  -22.25,  NGC4816        
   6500.,  2000.,    9.380,     0.117,    14.320,    11.694,   -5,  109.10,  -23.16,  NGC4839        
   1290.,   620.,    8.560,     0.170,    12.761,    10.982,   -5,   90.80,  -21.12,  NGC4840        
    880.,   330.,    8.380,     0.138,    12.501,    10.837,   -5,  105.10,  -20.99,  IC3959         
   2150.,   650.,    8.760,     0.115,    12.089,    10.495,   -3,  115.60,  -20.88,  PGC044560      
    920.,   250.,    8.370,     0.104,    12.311,    10.704,   -5,  101.90,  -20.53,  IC3976         
  20000.,  2000.,    9.890,     0.041,    14.483,    11.796,   -4,  106.40,  -23.48,  NGC4874        
    295.,    89.,    7.880,     0.115,    12.981,    11.088,   -5,  100.10,  -20.47,  NGC4881        
    620.,   410.,    8.200,     0.220,    12.269,    10.669,   -5,  107.70,  -20.41,  IC4012         
  11000.,  2000.,    9.630,     0.073,    14.611,    11.894,   -5,   96.60,  -23.47,  NGC4889        
    160.,   159.,    7.590,     0.300,    12.032,    10.430,   -5,   85.80,  -20.16,  IC4021         
    650.,   190.,    8.250,     0.111,    12.474,    10.820,   -2,  120.90,  -21.01,  IC4026         
    470.,   160.,    8.100,     0.127,    12.254,    10.656,   -5,  105.40,  -20.86,  IC4041         
   1100.,   510.,    8.500,     0.165,    12.690,    10.945,   -5,  103.00,  -21.39,  IC4045         
   6700.,   530.,    9.280,     0.033,    13.445,    11.293,   -5,  129.40,  -21.26,  IC4051         
   1300.,   300.,    8.630,     0.090,    13.862,    11.473,   -3,  116.50,  -22.36,  NGC4926        
      8.,     3.,    6.080,     0.138,    10.596,     8.199,   10,    3.80,  -15.78,  ESO-269-58     
   1000.,   300.,    8.520,     0.114,    13.308,    11.234,   -5,   36.20,  -22.34,  NGC5018        
      7.,     6.,    6.130,     0.269,    11.300,     9.363,   -2,    3.29,  -18.14,  NGC5102        
   1300.,   300.,    8.570,     0.090,    12.554,    10.870,   -4,    3.80,  -21.26,  NGC5128        
  32500.,  8000.,   10.120,     0.096,    14.753,    12.043,   -4,  205.00,  -23.80,  ESO-444-G046   
    220.,    45.,    7.790,     0.081,    12.198,    10.606,    4,    7.62,  -21.16,  NGC5194        
   5878.,   355.,    9.240,     0.025,    12.658,    10.928,   -5,   37.99,  -21.53,  NGC5193        
   6400.,   300.,    9.370,     0.020,    14.227,    11.644,   -5,   49.68,  -23.08,  IC4296         
     43.,    12.,    7.070,     0.107,    12.124,    10.532,    5,    4.61,  -21.00,  NGC5236        
      3.,     2.,    5.640,     0.222,    10.616,     8.231,   10,    3.40,  -15.45,  NGC5237        
  22500.,  5500.,    9.980,     0.095,    14.761,    12.053,   -4,  169.00,  -24.10,  ESO-383-G076   
   2970.,   530.,    9.040,     0.071,    14.218,    11.640,   -3,   68.70,  -23.09,  IC4329         
   1600.,   500.,    8.720,     0.118,    13.577,    11.350,   -5,   31.19,  -22.29,  NGC5322        
    150.,    40.,    7.640,     0.103,    12.311,    10.704,    5,    6.89,  -21.36,  NGC5457        
   3500.,  1000.,    9.040,     0.109,    13.218,    11.195,   -5,   38.93,  -21.96,  NGC5557        
   2900.,   400.,    8.980,     0.056,    13.521,    11.326,   -5,   32.21,  -22.27,  NGC5813        
    180.,    30.,    7.620,     0.067,    12.028,    10.425,   -5,   25.94,  -19.77,  NGC5845        
   4670.,  1195.,    9.170,     0.099,    13.446,    11.294,   -5,   24.89,  -22.12,  NGC5846        
    370.,    70.,    8.010,     0.075,    12.519,    10.849,    0,   15.35,  -21.08,  NGC5866        
     10.,     3.,    6.250,     0.114,    11.059,     8.968,    6,    3.09,  -17.47,  ESO-274-01     
    170.,    65.,    7.630,     0.141,    12.386,    10.760,    5,   13.22,  -20.30,  NGC5907        
  18000.,  4500.,    9.820,     0.097,    14.484,    11.797,   -4,  151.00,  -23.10,  UGC-9799       
   1497.,   202.,    8.670,     0.055,    13.238,    11.204,   -5,   41.47,  -22.02,  NGC5982        
  27000., 13000.,   10.010,     0.171,    14.556,    11.849,   -4,  180.60,  -23.30,  UGC-9958       
  17900.,  4700.,    9.850,     0.101,    14.703,    11.984,   -5,  284.20,  -23.50,  A2124-1        
  13100.,  3300.,    9.680,     0.098,    14.094,    11.578,   -4,  153.40,  -23.08,  A2147-1        
  19800.,  4900.,    9.790,     0.096,    14.170,    11.615,   -2,  151.80,  -22.00,  NGC6041A       
   5030.,   300.,    9.200,     0.025,    13.534,    11.331,   -3,  150.60,  -22.08,  NGC6039        
   5100.,   340.,    9.170,     0.028,    13.272,    11.218,   -2,  136.40,  -21.42,  A2152-2        
   7800.,  2060.,    9.430,     0.102,    14.091,    11.577,   -5,  190.00,  -22.60,  A2152-1        
   9200.,  2500.,    9.530,     0.104,    14.099,    11.581,   -5,  137.30,  -23.04,  NGC6086        
   4560.,  1080.,    9.200,     0.092,    14.138,    11.599,   -5,  136.40,  -22.77,  NGC6160        
  17000.,  4000.,    9.840,     0.092,    14.561,    11.853,   -4,  130.40,  -23.70,  NGC6166        
   4600.,  2600.,    9.250,     0.195,    14.407,    11.746,   -5,  125.80,  -23.41,  NGC6173        
     60.,    13.,    7.280,     0.085,    12.827,    11.015,    4,   25.94,  -22.06,  NGC6384        
   1140.,    87.,    8.590,     0.032,    13.407,    11.277,   -5,   55.14,  -22.63,  NGC6482        
    610.,   200.,    8.230,     0.123,    12.454,    10.807,   -3,   26.67,  -21.10,  NGC6703        
     20.,    10.,    6.670,     0.176,    11.407,     9.535,    3,   78.40,  -19.84,  ESO-185-IG013  
   1860.,   600.,    8.730,     0.121,    12.829,    11.016,   -3,   28.05,  -21.31,  NGC6861        
     90.,    40.,    7.410,     0.160,    12.039,    10.438,    5,    6.08,  -21.24,  NGC6946        
   1634.,    88.,    8.660,     0.023,    12.713,    10.957,   -5,   49.46,  -21.19,  NGC7014        
   2700.,   800.,    8.920,     0.113,    13.376,    11.264,   -2,   29.92,  -21.89,  NGC7049        
    400.,    30.,    8.010,     0.031,    12.235,    10.640,   -5,   31.33,  -20.54,  NGC7173        
    132.,    25.,    7.540,     0.075,    12.117,    10.525,    5,   23.51,  -20.63,  IC5176         
    210.,   130.,    7.800,     0.209,    13.147,    11.163,    4,   15.07,  -21.71,  NGC7331        
    175.,    15.,    7.670,     0.036,    12.361,    10.743,   -2,   23.01,  -20.83,  NGC7332        
     75.,    10.,    7.280,     0.054,    12.091,    10.497,    4,   23.10,  -20.39,  NGC7339        
   2100.,   730.,    8.820,     0.130,    13.606,    11.362,   -5,   29.24,  -22.04,  IC1459         
    160.,    50.,    7.560,     0.118,    11.814,    10.150,   -2,   13.24,  -19.58,  NGC7457        
   2833.,   300.,    8.980,     0.044,    13.747,    11.422,   -5,   47.42,  -22.51,  NGC7626        
  18000.,  4600.,    9.840,     0.099,    14.460,    11.780,   -5,  124.50,  -23.35,  NGC7720        
    850.,   320.,    8.380,     0.139,    12.503,    10.839,    2,   21.00,  -21.25,  NGC7727        
   3000.,  1300.,    9.040,     0.156,    14.184,    11.622,   -5,  112.10,  -23.07,  NGC7768        
     17.,     5.,    6.580,     0.112,    11.453,     9.608,    6,    3.84,  -19.35,  NGC7793        
